time,error,deltaError,fuzzy_control,sensor_0,sensor_1,sensor_2,sensor_3,motor_L,motor_R,pos_x,pos_y
0.06,-166.13,-166.13,-5.28,63.66,144.74,266.13,68.32,3.64,6.28,0.45,-0.01
0.13,-244.12,-78.00,-5.28,67.79,174.06,344.12,70.27,3.64,6.28,0.45,-0.01
0.19,-240.98,3.15,-4.78,69.65,222.76,340.98,66.82,3.89,6.28,0.45,-0.01
0.26,-260.37,-19.40,-5.28,62.82,263.70,360.37,67.43,3.64,6.28,0.45,-0.00
0.32,-321.38,-61.01,-5.28,72.76,246.11,421.38,66.48,3.64,6.28,0.46,0.00
0.38,-353.57,-32.19,-5.28,66.84,212.17,453.57,68.63,3.64,6.28,0.46,0.01
0.45,-446.57,-93.01,-5.28,67.06,204.16,546.57,89.56,3.64,6.28,0.46,0.01
0.51,-414.04,32.54,-0.00,71.16,190.85,514.04,97.33,6.28,6.28,0.46,0.02
0.58,-383.41,30.63,-0.00,70.14,223.27,483.41,70.42,6.28,6.28,0.46,0.03
0.64,-452.80,-69.40,-5.28,63.28,229.82,552.80,68.46,3.64,6.28,0.46,0.03
0.70,-424.21,28.60,-0.00,68.10,223.61,524.21,85.63,6.28,6.28,0.46,0.04
0.77,-360.05,64.16,-0.00,68.16,229.12,460.05,71.61,6.28,6.28,0.45,0.05
0.83,-384.98,-24.93,-5.28,66.62,244.80,484.98,61.46,3.64,6.28,0.45,0.06
0.90,-436.03,-51.05,-5.28,69.81,211.58,536.03,94.64,3.64,6.28,0.45,0.06
0.96,-454.92,-18.89,-5.28,67.51,180.64,554.92,103.32,3.64,6.28,0.45,0.07
1.02,-414.13,40.79,-0.00,72.06,166.65,514.13,110.32,6.28,6.28,0.45,0.08
1.09,-399.77,14.36,-3.01,61.21,190.08,499.77,93.57,4.78,6.28,0.45,0.08
1.15,-368.92,30.85,-0.00,62.10,191.05,468.92,90.28,6.28,6.28,0.45,0.09
1.22,-355.68,13.24,-3.12,67.69,203.32,455.68,82.34,4.72,6.28,0.45,0.10
1.28,-318.93,36.75,-0.00,63.68,189.95,418.93,90.70,6.28,6.28,0.44,0.10
1.34,-285.51,33.42,-0.00,67.99,202.37,385.51,70.98,6.28,6.28,0.44,0.11
1.41,-321.43,-35.92,-5.28,67.52,195.52,421.43,67.17,3.64,6.28,0.44,0.12
1.47,-321.67,-0.24,-5.10,63.59,176.56,421.67,91.60,3.73,6.28,0.44,0.12
1.54,-328.16,-6.49,-5.28,70.30,150.48,428.16,109.74,3.64,6.28,0.44,0.13
1.60,-275.40,52.75,-0.00,61.14,139.95,375.40,122.45,6.28,6.28,0.43,0.14
1.66,-260.99,14.42,-2.96,61.60,131.32,360.99,106.06,4.80,6.28,0.43,0.14
1.73,-232.47,28.52,-0.00,71.00,119.60,332.47,106.25,6.28,6.28,0.43,0.15
1.79,-199.25,33.23,-0.00,66.05,122.68,299.25,97.53,6.28,6.28,0.42,0.16
1.86,-182.93,16.32,-1.89,68.19,111.85,282.93,76.16,5.33,6.28,0.42,0.16
1.92,-181.34,1.60,-5.23,67.39,116.65,281.34,80.16,3.67,6.28,0.42,0.17
1.98,-168.22,13.11,-3.12,70.06,107.48,268.22,97.38,4.72,6.28,0.41,0.18
2.05,-142.89,25.33,-0.00,68.27,92.57,242.89,98.41,6.28,6.28,0.41,0.18
2.11,-129.28,13.61,-3.12,61.08,92.79,229.28,81.12,4.72,6.28,0.41,0.19
2.18,-109.99,19.29,-0.48,67.84,76.60,209.99,78.75,6.04,6.28,0.40,0.20
2.24,-98.00,11.99,-2.87,66.71,75.86,198.00,69.18,4.85,6.28,0.40,0.20
2.30,-77.04,20.96,1.44,63.93,67.55,177.04,70.75,6.28,5.56,0.39,0.21
2.37,-62.79,14.25,-0.92,68.88,67.97,162.79,70.44,5.82,6.28,0.39,0.21
2.43,-72.48,-9.69,-5.11,64.86,64.38,172.48,66.58,3.72,6.28,0.38,0.22
2.50,-50.19,22.29,3.07,69.43,64.22,150.19,65.25,6.28,4.75,0.38,0.22
2.56,-49.04,1.15,-3.18,67.13,69.09,149.04,62.68,4.69,6.28,0.38,0.23
2.62,-37.07,11.97,0.99,60.62,66.95,137.07,69.19,6.28,5.79,0.37,0.24
2.69,-46.20,-9.13,-4.78,64.77,65.54,146.20,72.69,3.89,6.28,0.37,0.24
2.75,-52.12,-5.92,-5.27,70.29,68.81,152.12,67.35,3.64,6.28,0.36,0.25
2.82,-25.10,27.03,3.11,65.15,66.65,125.10,67.94,6.28,4.73,0.36,0.25
2.88,-9.21,15.89,2.32,68.35,68.66,109.21,63.26,6.28,5.12,0.35,0.26
2.94,-23.06,-13.85,-3.51,68.63,66.80,123.06,67.25,4.52,6.28,0.35,0.26
3.01,-19.06,4.01,-1.27,65.14,68.09,119.06,62.23,5.65,6.28,0.34,0.27
3.07,-19.82,-0.77,-2.12,62.49,67.82,119.82,69.82,5.22,6.28,0.34,0.27
3.14,-11.40,8.42,-0.05,65.99,60.02,111.40,70.96,6.25,6.28,0.33,0.28
3.20,-22.37,-10.97,-3.49,67.61,68.89,122.37,65.34,4.53,6.28,0.33,0.28
3.26,-6.30,16.07,2.49,71.37,70.46,106.30,68.31,6.28,5.04,0.32,0.29
3.33,-6.78,-0.48,-1.74,61.15,70.03,106.78,70.57,5.41,6.28,0.32,0.29
3.39,-0.43,6.35,-0.08,70.21,69.22,100.43,56.30,6.24,6.28,0.31,0.30
3.46,-6.41,-5.99,-3.15,69.14,67.94,106.41,63.57,4.70,6.28,0.30,0.30
3.52,-2.21,4.20,-0.24,60.90,62.42,102.21,66.08,6.16,6.28,0.30,0.31
3.58,-2.94,-0.73,-1.81,72.45,63.65,102.94,70.08,5.38,6.28,0.29,0.31
3.65,-1.47,1.47,-0.81,68.74,70.76,101.47,80.23,5.88,6.28,0.29,0.31
3.71,5.44,6.91,0.44,60.29,65.24,94.56,69.60,6.28,6.06,0.28,0.32
3.78,12.75,7.31,0.87,75.43,70.95,87.25,69.03,6.28,5.84,0.27,0.32
3.84,9.90,-2.85,-2.97,60.27,64.94,90.10,65.53,4.79,6.28,0.27,0.33
3.90,6.54,-3.36,-3.12,61.89,66.83,93.46,65.00,4.72,6.28,0.26,0.33
3.97,10.65,4.11,0.76,70.77,61.35,89.35,72.98,6.28,5.90,0.26,0.34
4.03,4.25,-6.40,-3.12,60.78,61.83,95.75,64.87,4.72,6.28,0.25,0.34
4.10,11.51,7.26,0.80,67.38,65.40,88.49,66.49,6.28,5.88,0.24,0.35
4.16,10.64,-0.87,-1.87,66.70,69.03,89.36,72.25,5.35,6.28,0.24,0.35
4.22,15.32,4.69,1.05,67.84,71.77,84.68,61.67,6.28,5.76,0.23,0.35
4.29,13.18,-2.14,-2.47,70.51,68.97,86.82,66.70,5.05,6.28,0.22,0.36
4.35,15.27,2.08,-0.51,66.09,65.96,84.73,69.44,6.03,6.28,0.22,0.36
4.42,10.22,-5.05,-3.12,66.72,70.44,89.78,68.50,4.72,6.28,0.21,0.36
4.48,18.56,8.35,1.19,63.35,67.99,81.44,69.60,6.28,5.68,0.20,0.37
4.54,14.96,-3.61,-3.11,60.36,68.28,85.04,66.09,4.72,6.28,0.20,0.37
4.61,5.83,-9.12,-3.12,68.36,66.31,94.17,67.48,4.72,6.28,0.19,0.38
4.67,9.22,3.38,0.46,68.73,73.35,90.78,67.11,6.28,6.05,0.19,0.38
4.74,15.82,6.60,1.06,68.56,58.56,84.18,64.54,6.28,5.75,0.18,0.38
4.80,19.36,3.54,0.63,65.26,65.91,80.64,67.35,6.28,5.97,0.17,0.39
4.86,16.80,-2.56,-2.71,64.81,70.98,83.20,68.20,4.92,6.28,0.16,0.39
4.93,14.09,-2.71,-2.84,69.04,64.44,85.91,66.69,4.86,6.28,0.16,0.39
4.99,3.92,-10.17,-3.12,67.77,64.19,96.08,67.16,4.72,6.28,0.15,0.39
5.06,6.93,3.01,0.19,65.48,67.13,93.07,64.74,6.28,6.19,0.14,0.40
5.12,5.05,-1.88,-2.36,70.60,71.69,94.95,69.15,5.10,6.28,0.14,0.40
5.18,4.34,-0.71,-1.79,64.23,60.94,95.66,64.87,5.38,6.28,0.13,0.40
5.25,3.55,-0.79,-1.83,59.83,65.22,96.45,65.67,5.36,6.28,0.12,0.41
5.31,1.62,-1.93,-2.38,65.78,67.63,98.38,66.50,5.09,6.28,0.12,0.41
5.38,5.98,4.36,0.48,69.29,67.83,94.02,70.53,6.28,6.04,0.11,0.41
5.44,2.34,-3.64,-3.12,67.94,63.87,97.66,60.21,4.72,6.28,0.10,0.41
5.50,-0.52,-2.86,-2.99,62.88,63.76,100.52,68.48,4.78,6.28,0.10,0.41
5.57,-2.96,-2.44,-2.69,63.31,62.74,102.96,64.81,4.94,6.28,0.09,0.42
5.63,-4.18,-1.21,-2.04,70.49,66.67,104.18,70.69,5.26,6.28,0.08,0.42
5.70,-0.87,3.30,-0.11,65.58,65.83,100.87,66.85,6.23,6.28,0.07,0.42
5.76,4.75,5.62,0.47,61.35,72.74,95.25,67.94,6.28,6.05,0.07,0.42
5.82,-3.28,-8.03,-3.12,68.01,68.51,103.28,66.48,4.72,6.28,0.06,0.42
5.89,4.66,7.94,0.34,69.60,65.32,95.34,69.96,6.28,6.11,0.05,0.42
5.95,-12.96,-17.62,-3.26,64.79,74.41,112.96,67.96,4.65,6.28,0.04,0.42
6.02,-5.78,7.18,-0.52,63.61,65.78,105.78,63.95,6.02,6.28,0.04,0.42
6.08,-1.33,4.44,-0.16,68.33,62.00,101.33,73.33,6.20,6.28,0.03,0.42
6.14,-6.10,-4.77,-3.15,69.04,66.00,106.10,67.74,4.71,6.28,0.02,0.42
6.21,2.20,8.30,0.13,67.25,64.55,97.80,66.86,6.28,6.21,0.01,0.43
6.27,-2.77,-4.97,-3.12,68.62,62.29,102.77,63.07,4.72,6.28,0.01,0.43
6.34,-5.08,-2.30,-2.62,70.94,68.48,105.08,67.15,4.97,6.28,-0.00,0.43
6.40,-10.13,-5.05,-3.20,66.78,64.43,110.13,67.02,4.68,6.28,-0.01,0.43
6.46,-11.09,-0.96,-2.03,68.28,63.82,111.09,58.75,5.27,6.28,-0.02,0.43
6.53,-9.79,1.30,-1.02,73.94,72.71,109.79,72.09,5.77,6.28,-0.02,0.43
6.59,-4.89,4.90,-0.51,72.18,65.43,104.89,69.33,6.03,6.28,-0.03,0.42
6.66,-4.17,0.72,-1.19,63.41,66.35,104.17,65.44,5.69,6.28,-0.04,0.42
6.72,-5.19,-1.02,-1.96,66.28,72.79,105.19,65.41,5.30,6.28,-0.05,0.42
6.78,-6.17,-0.98,-1.95,72.57,68.40,106.17,69.45,5.30,6.28,-0.05,0.42
6.85,-9.44,-3.26,-3.19,63.69,67.14,109.44,64.50,4.68,6.28,-0.06,0.42
6.91,-5.57,3.87,-0.50,71.26,70.86,105.57,65.47,6.03,6.28,-0.07,0.42
6.98,-5.93,-0.36,-1.68,65.74,63.57,105.93,69.81,5.44,6.28,-0.08,0.42
7.04,-8.19,-2.26,-2.62,59.12,67.32,108.19,73.77,4.97,6.28,-0.08,0.42
7.10,1.34,9.53,0.68,64.19,70.59,98.66,66.23,6.28,5.94,-0.09,0.42
7.17,-0.03,-1.38,-2.10,74.04,65.72,100.03,67.44,5.23,6.28,-0.10,0.41
7.23,1.70,1.73,-0.67,68.05,70.28,98.30,69.70,5.94,6.28,-0.10,0.41
7.30,-3.39,-5.09,-3.12,67.19,65.64,103.39,66.78,4.72,6.28,-0.11,0.41
7.36,-4.84,-1.45,-2.16,68.30,68.67,104.84,66.92,5.20,6.28,-0.12,0.41
7.42,-6.35,-1.51,-2.20,63.34,64.78,106.35,67.90,5.18,6.28,-0.13,0.41
7.49,-5.61,0.73,-1.20,67.06,66.26,105.61,69.04,5.68,6.28,-0.13,0.40
7.55,-0.31,5.30,-0.08,66.96,73.14,100.31,66.87,6.24,6.28,-0.14,0.40
7.62,-1.82,-1.51,-2.17,68.89,69.04,101.82,65.05,5.20,6.28,-0.15,0.40
7.68,1.30,3.12,0.06,70.02,71.71,98.70,67.94,6.28,6.25,-0.15,0.40
7.74,1.84,0.54,-1.25,65.13,68.74,98.16,70.39,5.65,6.28,-0.16,0.39
7.81,-2.51,-4.35,-3.12,62.22,67.92,102.51,70.00,4.72,6.28,-0.17,0.39
7.87,-6.63,-4.11,-3.15,68.57,65.31,106.63,57.35,4.70,6.28,-0.18,0.39
7.94,-2.95,3.68,-0.29,62.74,67.96,102.95,64.42,6.13,6.28,-0.18,0.38
8.00,-5.40,-2.45,-2.71,68.65,65.65,105.40,63.78,4.92,6.28,-0.19,0.38
8.06,5.46,10.87,1.33,63.61,73.87,94.54,66.01,6.28,5.62,-0.20,0.38
8.13,2.96,-2.50,-2.72,67.29,61.85,97.04,62.43,4.92,6.28,-0.20,0.37
8.19,-4.40,-7.36,-3.13,69.15,69.41,104.40,66.11,4.72,6.28,-0.21,0.37
8.26,-1.24,3.15,-0.14,70.16,67.71,101.24,67.81,6.21,6.28,-0.21,0.37
8.32,-3.12,-1.88,-2.36,64.34,74.68,103.12,68.46,5.10,6.28,-0.22,0.36
8.38,2.38,5.50,0.20,69.94,71.05,97.62,65.86,6.28,6.18,-0.23,0.36
8.45,0.28,-2.10,-2.48,64.35,68.85,99.72,68.05,5.04,6.28,-0.23,0.35
8.51,-1.32,-1.60,-2.21,68.56,67.49,101.32,66.58,5.18,6.28,-0.24,0.35
8.58,-2.27,-0.95,-1.90,60.98,67.40,102.27,66.56,5.33,6.28,-0.25,0.35
8.64,7.81,10.08,0.96,67.24,68.14,92.19,61.33,6.28,5.80,-0.25,0.34
8.70,4.57,-3.24,-3.12,71.49,71.20,95.43,71.11,4.72,6.28,-0.26,0.34
8.77,-1.39,-5.96,-3.12,66.85,67.25,101.39,64.03,4.72,6.28,-0.26,0.33
8.83,4.29,5.68,0.42,67.86,66.32,95.71,63.29,6.28,6.07,-0.27,0.33
8.90,3.35,-0.94,-1.90,65.25,64.69,96.65,66.06,5.33,6.28,-0.28,0.32
8.96,0.03,-3.32,-3.12,68.59,63.19,99.97,68.76,4.72,6.28,-0.28,0.32
9.02,5.09,5.06,0.45,69.46,72.35,94.91,68.36,6.28,6.05,-0.29,0.31
9.09,11.66,6.56,0.87,72.87,67.58,88.34,65.99,6.28,5.85,-0.29,0.31
9.15,2.45,-9.20,-3.12,74.48,64.11,97.55,66.91,4.72,6.28,-0.30,0.30
9.22,2.89,0.44,-1.30,62.00,66.04,97.11,72.75,5.63,6.28,-0.30,0.30
9.28,-0.88,-3.77,-3.12,66.52,67.34,100.88,64.89,4.72,6.28,-0.31,0.29
9.34,-3.57,-2.69,-2.86,65.91,67.34,103.57,66.35,4.85,6.28,-0.31,0.29
9.41,-2.49,1.08,-1.01,70.65,63.59,102.49,68.89,5.78,6.28,-0.32,0.28
9.47,-3.30,-0.81,-1.85,72.82,72.27,103.30,62.16,5.36,6.28,-0.32,0.28
9.54,-11.77,-8.47,-3.23,63.25,61.11,111.77,68.37,4.66,6.28,-0.33,0.27
9.60,-0.10,11.67,1.67,65.86,70.59,100.10,67.09,6.28,5.44,-0.33,0.27
9.66,-1.32,-1.22,-2.03,66.00,65.75,101.32,64.69,5.27,6.28,-0.34,0.26
9.73,4.98,6.30,0.43,73.90,69.89,95.02,62.21,6.28,6.06,-0.34,0.25
9.79,-0.88,-5.86,-3.12,68.99,73.20,100.88,64.81,4.72,6.28,-0.35,0.25
9.86,6.30,7.18,0.49,70.00,62.06,93.70,68.99,6.28,6.04,-0.35,0.24
9.92,-3.71,-10.01,-3.12,60.68,68.10,103.71,60.24,4.72,6.28,-0.35,0.23
9.98,0.83,4.53,0.02,66.80,68.81,99.17,64.54,6.28,6.27,-0.36,0.23
10.05,5.98,5.16,0.54,66.28,69.73,94.02,67.52,6.28,6.01,-0.36,0.22
10.11,-0.25,-6.24,-3.12,74.29,71.77,100.25,72.52,4.72,6.28,-0.37,0.22
10.18,-4.70,-4.45,-3.13,66.06,65.69,104.70,59.75,4.71,6.28,-0.37,0.21
10.24,-4.66,0.04,-1.49,67.15,66.94,104.66,64.84,5.53,6.28,-0.37,0.20
10.30,-7.53,-2.87,-3.04,65.03,71.97,107.53,71.49,4.76,6.28,-0.38,0.20
10.37,-4.41,3.12,-0.40,72.95,71.26,104.41,60.05,6.08,6.28,-0.38,0.19
10.43,-11.60,-7.19,-3.23,59.61,67.83,111.60,72.08,4.67,6.28,-0.38,0.18
10.50,-3.59,8.01,-0.33,61.27,63.54,103.59,67.29,6.11,6.28,-0.39,0.18
10.56,-11.34,-7.76,-3.23,66.62,68.00,111.34,66.22,4.67,6.28,-0.39,0.17
10.62,-9.65,1.69,-0.85,67.34,62.64,109.65,70.09,5.86,6.28,-0.39,0.16
10.69,-4.39,5.26,-0.49,66.79,64.28,104.39,74.91,6.03,6.28,-0.40,0.16
10.75,1.16,5.55,0.07,65.11,67.30,98.84,67.72,6.28,6.25,-0.40,0.15
10.82,-7.17,-8.33,-3.16,65.25,69.54,107.17,72.60,4.70,6.28,-0.40,0.14
10.88,-5.43,1.74,-0.70,67.12,73.66,105.43,65.67,5.93,6.28,-0.40,0.13
10.94,0.37,5.80,-0.01,70.62,62.21,99.63,64.48,6.28,6.28,-0.41,0.13
11.01,-2.53,-2.90,-3.02,67.89,62.06,102.53,63.19,4.77,6.28,-0.41,0.12
11.07,-9.50,-6.97,-3.19,63.57,71.76,109.50,64.45,4.68,6.28,-0.41,0.11
11.14,-10.32,-0.83,-1.95,66.70,66.03,110.32,62.98,5.30,6.28,-0.41,0.11
11.20,-10.18,0.15,-1.54,65.41,63.78,110.18,66.78,5.51,6.28,-0.42,0.10
11.26,-8.01,2.16,-0.67,66.53,63.93,108.01,69.14,5.95,6.28,-0.42,0.09
11.33,-10.89,-2.88,-3.10,70.41,62.89,110.89,69.12,4.73,6.28,-0.42,0.08
11.39,-15.09,-4.20,-3.30,72.71,64.70,115.09,66.49,4.63,6.28,-0.42,0.08
11.46,-8.85,6.24,-0.80,66.84,67.55,108.85,66.22,5.88,6.28,-0.42,0.07
11.52,-5.01,3.84,-0.46,69.89,63.64,105.01,61.03,6.05,6.28,-0.42,0.06
11.58,-5.67,-0.66,-1.80,64.71,68.43,105.67,70.26,5.38,6.28,-0.42,0.05
11.65,-3.32,2.35,-0.32,73.27,62.17,103.32,67.09,6.12,6.28,-0.42,0.05
11.71,-10.10,-6.78,-3.20,66.94,65.01,110.10,63.23,4.68,6.28,-0.42,0.04
11.78,-8.39,1.71,-0.78,64.59,65.60,108.39,63.10,5.89,6.28,-0.43,0.03
11.84,-6.02,2.37,-0.52,63.94,66.61,106.02,65.68,6.02,6.28,-0.43,0.02
11.90,-8.95,-2.93,-3.11,70.17,68.93,108.95,71.39,4.72,6.28,-0.43,0.02
11.97,-3.65,5.30,-0.43,67.35,69.51,103.65,63.13,6.07,6.28,-0.43,0.01
12.03,-0.52,3.13,-0.08,68.72,74.47,100.52,71.76,6.24,6.28,-0.43,0.00
12.10,-10.93,-10.41,-3.22,63.50,58.91,110.93,65.46,4.67,6.28,-0.43,-0.01
12.16,-16.61,-5.68,-3.34,69.39,65.73,116.61,64.38,4.61,6.28,-0.43,-0.01
12.22,-9.80,6.80,-0.80,61.52,66.10,109.80,67.25,5.88,6.28,-0.43,-0.02
12.29,-4.38,5.43,-0.51,65.92,67.31,104.38,66.42,6.03,6.28,-0.43,-0.03
12.35,-5.82,-1.44,-2.16,66.18,64.12,105.82,70.06,5.20,6.28,-0.42,-0.04
12.42,-4.40,1.42,-0.86,62.26,68.67,104.40,66.04,5.85,6.28,-0.42,-0.04
12.48,-2.73,1.67,-0.71,63.77,66.92,102.73,65.95,5.93,6.28,-0.42,-0.05
12.54,-7.29,-4.56,-3.16,65.20,67.58,107.29,63.76,4.70,6.28,-0.42,-0.06
12.61,-8.94,-1.65,-2.31,70.20,66.71,108.94,71.98,5.13,6.28,-0.42,-0.07
12.67,-6.74,2.20,-0.58,67.66,67.60,106.74,69.22,5.99,6.28,-0.42,-0.07
12.74,-8.77,-2.03,-2.50,65.30,68.33,108.77,67.55,5.03,6.28,-0.42,-0.08
12.80,-3.98,4.79,-0.42,64.87,68.59,103.98,63.11,6.07,6.28,-0.42,-0.09
12.86,-4.54,-0.56,-1.75,69.36,71.79,104.54,65.76,5.41,6.28,-0.41,-0.10
12.93,-5.83,-1.29,-2.09,65.74,65.18,105.83,67.15,5.24,6.28,-0.41,-0.10
12.99,-4.37,1.46,-0.84,71.10,66.21,104.37,64.48,5.86,6.28,-0.41,-0.11
13.06,-3.27,1.10,-1.00,63.35,68.30,103.27,66.23,5.78,6.28,-0.41,-0.12
13.12,-4.00,-0.73,-1.82,69.60,65.50,104.00,64.67,5.37,6.28,-0.41,-0.12
13.18,-10.74,-6.73,-3.21,70.07,65.66,110.74,69.36,4.67,6.28,-0.40,-0.13
13.25,-2.43,8.31,-0.13,68.17,61.75,102.43,60.07,6.21,6.28,-0.40,-0.14
13.31,-6.47,-4.04,-3.15,68.30,69.76,106.47,61.90,4.70,6.28,-0.40,-0.15
13.38,-1.53,4.94,-0.20,71.23,65.35,101.53,65.86,6.18,6.28,-0.40,-0.15
13.44,-0.49,1.04,-1.02,69.42,65.48,100.49,69.03,5.77,6.28,-0.39,-0.16
13.50,-6.02,-5.53,-3.15,72.69,70.77,106.02,65.94,4.71,6.28,-0.39,-0.17
13.57,-4.57,1.45,-0.84,68.05,68.36,104.57,67.74,5.86,6.28,-0.39,-0.17
13.63,-3.83,0.74,-1.18,66.64,67.75,103.83,66.66,5.69,6.28,-0.39,-0.18
13.70,-9.08,-5.25,-3.19,71.48,61.27,109.08,69.79,4.69,6.28,-0.38,-0.19
13.76,-6.67,2.41,-0.56,66.79,71.73,106.67,68.38,6.00,6.28,-0.38,-0.19
13.82,6.26,12.94,2.26,63.49,62.94,93.74,58.37,6.28,5.15,-0.37,-0.20
13.89,0.47,-5.79,-3.12,64.55,68.87,99.53,72.76,4.72,6.28,-0.37,-0.21
13.95,-3.01,-3.48,-3.12,68.31,64.16,103.01,69.70,4.72,6.28,-0.37,-0.21
14.02,-4.23,-1.22,-2.04,71.91,66.79,104.23,73.99,5.26,6.28,-0.36,-0.22
14.08,-2.86,1.37,-0.87,66.27,63.62,102.86,67.69,5.85,6.28,-0.36,-0.23
14.14,0.22,3.08,-0.02,69.09,64.45,99.78,67.24,6.27,6.28,-0.36,-0.23
14.21,2.86,2.64,-0.07,64.90,68.60,97.14,68.74,6.24,6.28,-0.35,-0.24
14.27,-5.35,-8.20,-3.14,72.11,74.53,105.35,62.56,4.71,6.28,-0.35,-0.25
14.34,-0.26,5.09,-0.07,58.67,69.73,100.26,66.24,6.25,6.28,-0.34,-0.25
14.40,-11.31,-11.05,-3.22,69.12,68.45,111.31,66.85,4.67,6.28,-0.34,-0.26
14.46,-1.16,10.15,1.00,68.10,70.07,101.16,64.28,6.28,5.78,-0.33,-0.26
14.53,-5.20,-4.05,-3.14,59.54,65.94,105.20,62.95,4.71,6.28,-0.33,-0.27
14.59,3.27,8.48,0.23,66.18,69.47,96.73,67.64,6.28,6.17,-0.33,-0.28
14.66,-3.23,-6.51,-3.12,67.72,68.19,103.23,67.77,4.72,6.28,-0.32,-0.28
14.72,-12.98,-9.75,-3.26,66.46,69.09,112.98,63.50,4.65,6.28,-0.32,-0.29
14.78,-8.71,4.27,-0.72,70.11,67.44,108.71,68.75,5.92,6.28,-0.31,-0.29
14.85,-2.35,6.37,-0.28,56.67,66.81,102.35,74.41,6.14,6.28,-0.31,-0.30
14.91,-12.27,-9.92,-3.24,62.22,68.70,112.27,69.53,4.66,6.28,-0.30,-0.30
14.98,-9.79,2.48,-0.76,66.98,67.42,109.79,68.77,5.90,6.28,-0.30,-0.31
15.04,-16.15,-6.36,-3.33,63.36,68.98,116.15,68.35,4.62,6.28,-0.29,-0.31
15.10,-13.73,2.43,-0.99,65.11,67.07,113.73,62.24,5.79,6.28,-0.29,-0.32
15.17,-13.37,0.36,-1.52,63.16,69.24,113.37,65.10,5.52,6.28,-0.28,-0.32
15.23,-12.57,0.80,-1.31,68.59,67.72,112.57,66.67,5.62,6.28,-0.27,-0.33
15.30,-13.79,-1.22,-2.20,68.07,69.40,113.79,62.36,5.18,6.28,-0.27,-0.33
15.36,-14.27,-0.48,-1.88,63.71,73.01,114.27,64.51,5.34,6.28,-0.26,-0.34
15.42,-12.01,2.26,-0.90,68.59,64.84,112.01,67.13,5.83,6.28,-0.26,-0.34
15.49,-15.61,-3.61,-3.31,67.60,66.21,115.61,71.89,4.62,6.28,-0.25,-0.35
15.55,-9.91,5.70,-0.94,66.49,60.17,109.91,72.15,5.81,6.28,-0.24,-0.35
15.62,-12.15,-2.23,-2.65,69.22,69.78,112.15,65.65,4.95,6.28,-0.24,-0.36
15.68,-8.03,4.12,-0.67,71.95,65.24,108.03,71.23,5.95,6.28,-0.23,-0.36
15.74,-9.71,-1.68,-2.34,66.28,69.77,109.71,69.13,5.11,6.28,-0.23,-0.36
15.81,-8.40,1.30,-0.98,70.04,58.77,108.40,69.33,5.79,6.28,-0.22,-0.37
15.87,-9.38,-0.97,-2.00,64.57,68.05,109.38,68.56,5.28,6.28,-0.21,-0.37
15.94,-4.97,4.41,-0.48,66.14,67.04,104.97,65.30,6.04,6.28,-0.21,-0.38
16.00,-7.62,-2.64,-2.86,64.72,69.80,107.62,66.99,4.85,6.28,-0.20,-0.38
16.06,-7.54,0.08,-1.52,69.22,67.63,107.54,68.11,5.52,6.28,-0.19,-0.38
16.13,-3.17,4.37,-0.33,66.56,68.18,103.17,75.03,6.11,6.28,-0.19,-0.39
16.19,-7.84,-4.67,-3.17,63.94,64.55,107.84,64.21,4.70,6.28,-0.18,-0.39
16.26,-7.34,0.50,-1.33,70.86,69.39,107.34,66.78,5.61,6.28,-0.17,-0.39
16.32,-10.10,-2.76,-2.98,64.82,73.57,110.10,68.04,4.79,6.28,-0.17,-0.39
16.38,-11.71,-1.61,-2.34,70.23,70.44,111.71,61.30,5.11,6.28,-0.16,-0.40
16.45,-8.01,3.71,-0.65,63.35,69.80,108.01,64.73,5.96,6.28,-0.15,-0.40
16.51,-4.61,3.40,-0.41,68.87,61.68,104.61,70.96,6.07,6.28,-0.14,-0.40
16.58,-6.26,-1.65,-2.27,66.14,70.21,106.26,69.51,5.14,6.28,-0.14,-0.40
16.64,-4.11,2.14,-0.44,66.09,63.52,104.11,63.04,6.06,6.28,-0.13,-0.41
16.70,-3.76,0.36,-1.35,74.45,62.00,103.76,73.81,5.61,6.28,-0.12,-0.41
16.77,-6.04,-2.29,-2.62,67.00,68.26,106.04,66.55,4.97,6.28,-0.12,-0.41
16.83,-3.33,2.71,-0.31,70.75,68.02,103.33,67.79,6.12,6.28,-0.11,-0.41
16.90,-6.63,-3.30,-3.15,67.89,66.42,106.63,70.90,4.70,6.28,-0.10,-0.41
16.96,-7.89,-1.26,-2.10,66.85,72.91,107.89,68.50,5.23,6.28,-0.09,-0.42
17.02,-11.26,-3.37,-3.22,65.96,68.70,111.26,67.88,4.67,6.28,-0.09,-0.42
17.09,-9.15,2.11,-0.75,63.12,63.43,109.15,69.16,5.91,6.28,-0.08,-0.42
17.15,-1.96,7.19,-0.22,64.56,66.18,101.96,72.45,6.17,6.28,-0.07,-0.42
17.22,-1.10,0.87,-1.11,70.28,65.23,101.10,70.18,5.73,6.28,-0.06,-0.42
17.28,2.77,3.87,0.20,69.72,62.23,97.23,62.27,6.28,6.18,-0.06,-0.42
17.34,2.73,-0.04,-1.51,69.06,68.62,97.27,68.48,5.53,6.28,-0.05,-0.42
17.41,-5.03,-7.76,-3.14,71.22,68.32,105.03,67.51,4.71,6.28,-0.04,-0.42
17.47,3.86,8.89,0.28,62.44,69.85,96.14,67.86,6.28,6.14,-0.03,-0.42
17.54,0.48,-3.38,-3.12,67.92,62.82,99.52,61.35,4.72,6.28,-0.03,-0.42
17.60,0.57,0.09,-1.45,61.26,63.21,99.43,70.15,5.56,6.28,-0.02,-0.42
17.66,6.25,5.68,0.60,65.22,70.00,93.75,63.05,6.28,5.98,-0.01,-0.42
17.73,7.11,0.87,-1.11,66.65,69.30,92.89,67.21,5.73,6.28,-0.00,-0.42
17.79,5.03,-2.08,-2.47,65.69,70.43,94.97,72.51,5.05,6.28,0.00,-0.42
17.86,-0.34,-5.37,-3.12,65.86,66.63,100.34,67.87,4.72,6.28,0.01,-0.42
17.92,3.58,3.92,0.27,60.60,76.00,96.42,69.21,6.28,6.15,0.02,-0.42
17.98,-4.13,-7.71,-3.13,69.10,69.69,104.13,60.51,4.72,6.28,0.03,-0.42
18.05,0.82,4.95,0.03,64.30,65.35,99.18,70.65,6.28,6.27,0.03,-0.42
18.11,8.27,7.44,0.61,66.40,70.52,91.73,68.11,6.28,5.98,0.04,-0.42
18.18,8.90,0.63,-1.21,68.19,66.19,91.10,71.39,5.67,6.28,0.05,-0.42
18.24,1.46,-7.44,-3.12,66.35,62.01,98.54,66.82,4.72,6.28,0.06,-0.42
18.30,-4.42,-5.87,-3.13,70.28,68.91,104.42,64.88,4.72,6.28,0.06,-0.42
18.37,-0.16,4.26,-0.05,64.75,66.22,100.16,66.31,6.25,6.28,0.07,-0.42
18.43,-1.82,-1.66,-2.24,56.04,60.29,101.82,68.85,5.16,6.28,0.08,-0.42
18.50,0.70,2.52,-0.16,65.92,68.01,99.30,65.21,6.20,6.28,0.09,-0.42
18.56,-1.04,-1.74,-2.28,66.81,67.17,101.04,70.61,5.14,6.28,0.09,-0.41
18.62,4.83,5.87,0.45,62.89,68.91,95.17,66.98,6.28,6.05,0.10,-0.41
18.69,-4.03,-8.85,-3.13,65.65,69.16,104.03,70.01,4.72,6.28,0.11,-0.41
18.75,-4.11,-0.08,-1.54,71.89,69.95,104.11,68.62,5.51,6.28,0.12,-0.41
18.82,-3.25,0.86,-1.12,68.43,70.84,103.25,66.06,5.72,6.28,0.12,-0.41
18.88,-12.38,-9.13,-3.24,70.78,62.13,112.38,66.66,4.66,6.28,0.13,-0.41
18.94,-8.04,4.34,-0.69,70.01,67.73,108.04,65.96,5.94,6.28,0.14,-0.40
19.01,-2.77,5.27,-0.34,66.56,62.97,102.77,63.08,6.11,6.28,0.14,-0.40
19.07,-0.73,2.04,-0.49,72.35,64.57,100.73,64.23,6.04,6.28,0.15,-0.40
19.14,-5.89,-5.15,-3.14,67.80,66.62,105.89,61.74,4.71,6.28,0.16,-0.40
19.20,-12.42,-6.53,-3.25,64.88,72.10,112.42,72.88,4.66,6.28,0.17,-0.39
19.26,-2.99,9.42,0.62,65.92,66.75,102.99,68.65,6.28,5.97,0.17,-0.39
19.33,-12.77,-9.77,-3.25,68.04,67.69,112.77,67.72,4.65,6.28,0.18,-0.39
19.39,-12.81,-0.05,-1.67,66.84,67.96,112.81,69.59,5.44,6.28,0.19,-0.39
19.46,-6.58,6.23,-0.64,63.58,65.62,106.58,67.31,5.96,6.28,0.19,-0.38
19.52,-12.24,-5.66,-3.24,63.57,65.74,112.24,67.53,4.66,6.28,0.20,-0.38
19.58,-8.91,3.34,-0.70,69.17,69.57,108.91,67.80,5.93,6.28,0.21,-0.38
19.65,-8.91,-0.00,-1.57,66.90,75.02,108.91,68.96,5.49,6.28,0.21,-0.37
19.71,-10.24,-1.33,-2.18,77.32,65.57,110.24,64.34,5.19,6.28,0.22,-0.37
19.78,-14.33,-4.10,-3.28,65.52,70.64,114.33,63.65,4.64,6.28,0.23,-0.36
19.84,-11.35,2.98,-0.85,66.31,66.25,111.35,67.89,5.85,6.28,0.23,-0.36
19.90,-7.78,3.57,-0.63,65.33,66.29,107.78,65.71,5.96,6.28,0.24,-0.36
19.97,-8.95,-1.18,-2.08,68.39,65.62,108.95,71.96,5.24,6.28,0.25,-0.35
20.03,-13.26,-4.31,-3.26,69.52,66.47,113.26,61.78,4.65,6.28,0.25,-0.35
20.10,-5.09,8.18,-0.23,68.56,63.96,105.09,68.33,6.16,6.28,0.26,-0.34
20.16,-17.09,-12.01,-3.35,68.46,61.65,117.09,70.78,4.61,6.28,0.26,-0.34
20.22,-7.11,9.98,0.92,60.35,70.15,107.11,71.43,6.28,5.82,0.27,-0.33
20.29,-17.60,-10.49,-3.36,72.18,66.39,117.60,65.78,4.60,6.28,0.27,-0.33
20.35,-11.30,6.30,-0.93,69.09,76.16,111.30,69.40,5.81,6.28,0.28,-0.32
20.42,-11.48,-0.18,-1.70,68.69,68.79,111.48,61.63,5.43,6.28,0.29,-0.32
20.48,-8.40,3.08,-0.67,66.46,65.26,108.40,69.00,5.94,6.28,0.29,-0.31
20.54,-9.28,-0.88,-1.96,69.42,62.52,109.28,69.02,5.30,6.28,0.30,-0.31
20.61,-14.71,-5.43,-3.29,67.55,63.03,114.71,69.29,4.63,6.28,0.30,-0.30
20.67,-4.24,10.46,1.15,65.35,68.44,104.24,63.61,6.28,5.71,0.31,-0.30
20.74,-11.18,-6.94,-3.22,67.82,69.43,111.18,66.30,4.67,6.28,0.31,-0.29
20.80,-3.73,7.45,-0.36,69.85,67.19,103.73,67.99,6.10,6.28,0.32,-0.29
20.86,-17.90,-14.17,-3.37,68.43,65.94,117.90,68.94,4.60,6.28,0.32,-0.28
20.93,-4.62,13.28,2.44,69.96,60.55,104.62,63.33,6.28,5.06,0.33,-0.28
20.99,-13.58,-8.95,-3.27,63.28,66.27,113.58,67.10,4.65,6.28,0.33,-0.27
21.06,-6.51,7.06,-0.58,66.20,64.95,106.51,68.34,5.99,6.28,0.34,-0.27
21.12,-7.16,-0.65,-1.82,62.85,65.64,107.16,65.86,5.37,6.28,0.34,-0.26
21.18,-9.80,-2.64,-2.89,63.32,68.41,109.80,64.59,4.84,6.28,0.34,-0.25
21.25,-13.12,-3.32,-3.26,72.53,67.98,113.12,65.24,4.65,6.28,0.35,-0.25
21.31,-11.00,2.11,-0.86,66.98,62.20,111.00,75.48,5.85,6.28,0.35,-0.24
21.38,-14.46,-3.45,-3.29,66.78,58.41,114.46,64.35,4.64,6.28,0.36,-0.24
21.44,-10.07,4.38,-0.81,69.78,69.40,110.07,63.82,5.88,6.28,0.36,-0.23
21.50,-7.77,2.31,-0.64,67.49,72.91,107.77,69.45,5.96,6.28,0.37,-0.22
21.57,-8.62,-0.85,-1.93,65.02,66.68,108.62,60.99,5.32,6.28,0.37,-0.22
21.63,-0.57,8.05,-0.08,66.65,69.03,100.57,68.82,6.24,6.28,0.37,-0.21
21.70,-7.16,-6.60,-3.16,66.20,65.78,107.16,63.06,4.70,6.28,0.38,-0.20
21.76,-11.19,-4.02,-3.22,65.66,66.49,111.19,66.72,4.67,6.28,0.38,-0.20
21.82,-3.30,7.88,-0.31,63.04,67.20,103.30,67.77,6.12,6.28,0.38,-0.19
21.89,-7.19,-3.89,-3.16,69.95,67.00,107.19,62.86,4.70,6.28,0.39,-0.18
21.95,-8.42,-1.22,-2.10,68.64,70.94,108.42,68.94,5.23,6.28,0.39,-0.18
22.02,-5.33,3.09,-0.46,62.46,61.88,105.33,70.68,6.05,6.28,0.39,-0.17
22.08,-4.62,0.71,-1.20,67.59,61.72,104.62,64.72,5.68,6.28,0.39,-0.16
22.14,-2.30,2.33,-0.30,59.91,68.62,102.30,66.55,6.13,6.28,0.40,-0.15
22.21,-2.47,-0.17,-1.56,67.89,62.36,102.47,68.44,5.50,6.28,0.40,-0.15
22.27,-4.78,-2.31,-2.62,66.39,63.46,104.78,61.27,4.97,6.28,0.40,-0.14
22.34,-0.95,3.83,-0.12,65.39,67.31,100.95,74.00,6.22,6.28,0.40,-0.13
22.40,2.14,3.09,0.13,62.64,66.37,97.86,65.11,6.28,6.21,0.41,-0.13
22.46,9.91,7.77,0.70,70.29,65.20,90.09,64.29,6.28,5.93,0.41,-0.12
22.53,-2.05,-11.96,-3.12,69.83,73.63,102.05,68.58,4.72,6.28,0.41,-0.11
22.59,0.11,2.16,-0.41,65.40,66.96,99.89,66.46,6.07,6.28,0.41,-0.10
22.66,-3.35,-3.46,-3.12,66.93,67.46,103.35,67.89,4.72,6.28,0.41,-0.10
22.72,-7.77,-4.42,-3.17,69.63,68.22,107.77,65.36,4.70,6.28,0.42,-0.09
22.78,-2.32,5.44,-0.31,64.77,62.87,102.32,70.04,6.13,6.28,0.42,-0.08
22.85,-1.99,0.33,-1.35,71.64,68.40,101.99,67.15,5.61,6.28,0.42,-0.07
22.91,6.73,8.72,0.49,63.90,72.07,93.27,70.36,6.28,6.03,0.42,-0.07
22.98,-1.58,-8.30,-3.12,68.82,73.63,101.58,65.39,4.72,6.28,0.42,-0.06
23.04,-4.65,-3.08,-3.13,69.27,68.14,104.65,62.88,4.71,6.28,0.42,-0.05
23.10,-5.02,-0.37,-1.67,72.58,66.36,105.02,68.88,5.45,6.28,0.42,-0.04
23.17,1.45,6.47,0.08,71.74,67.79,98.55,66.17,6.28,6.24,0.42,-0.04
23.23,-0.59,-2.03,-2.44,69.56,68.08,100.59,67.49,5.06,6.28,0.42,-0.03
23.30,-0.94,-0.36,-1.64,75.03,64.22,100.94,70.51,5.46,6.28,0.42,-0.02
23.36,-6.15,-5.21,-3.15,65.24,65.63,106.15,70.72,4.71,6.28,0.42,-0.01
23.42,2.07,8.22,0.12,67.62,59.24,97.93,68.85,6.28,6.22,0.43,-0.01
23.49,-0.09,-2.16,-2.51,63.94,60.54,100.09,62.55,5.02,6.28,0.43,0.00
23.55,-4.68,-4.58,-3.13,64.51,68.90,104.68,64.02,4.71,6.28,0.43,0.01
23.62,0.77,5.44,0.02,70.95,67.36,99.23,66.20,6.28,6.27,0.42,0.01
23.68,-2.94,-3.70,-3.12,71.05,65.82,102.94,64.63,4.72,6.28,0.42,0.02
23.74,-0.20,2.74,-0.05,63.84,63.84,100.20,65.78,6.26,6.28,0.42,0.03
23.81,2.27,2.47,-0.20,65.23,64.22,97.73,71.84,6.18,6.28,0.42,0.04
23.87,-3.01,-5.28,-3.12,66.13,67.49,103.01,70.23,4.72,6.28,0.42,0.05
23.94,1.79,4.81,0.12,67.76,71.46,98.21,70.11,6.28,6.22,0.42,0.05
